{"cameraMode":{"drawMode":0,"name":"Shaded","section":"Shading Mode"},"sceneLighting":false,"audioPlay":false,"sceneViewState":{"showFog":true,"showMaterialUpdate":false,"showSkybox":false,"showFlares":true,"showImageEffects":true,"showParticleSystems":true},"in2DMode":false,"pivot":{"x":-0.2714569866657257,"y":1.0724998712539673,"z":1.1205085515975953},"rotation":{"x":-0.07478289306163788,"y":-0.9244144558906555,"z":0.27918747067451479,"w":-0.2501087784767151},"size":0.43041467666625979,"orthographic":false}